Name,PokedexID,Stamina,Attack,Defense,MaxHP,MaxCP,Capture_rate,Escape_rate,Weight_kg,Height_m,Type_1,Type_2,Legendary,Gen
Bulbasaur,1,128,118,111,113,1115,0.2,0.1,6.9,0.7,Grass,Poison,No,1
Ivysaur,2,155,151,143,134,1699,0.1,0.07,13,1,Grass,Poison,No,1
Venusaur,3,190,198,189,162,2720,0.05,0.05,100,2,Grass,Poison,No,1
Charmander,4,118,116,93,105,980,0.2,0.1,8.5,0.6,Fire,None,No,1
Charmeleon,5,151,158,126,131,1653,0.1,0.07,19,1.1,Fire,None,No,1
Charizard,6,186,223,173,158,2889,0.05,0.05,90.5,1.7,Fire,Flying,No,1
Squirtle,7,127,94,121,112,946,0.2,0.1,9,0.5,Water,None,No,1
Wartortle,8,153,126,155,132,1488,0.1,0.07,22.5,1,Water,None,No,1
Blastoise,9,188,171,207,160,2466,0.05,0.05,85.5,1.6,Water,None,No,1
Caterpie,10,128,55,55,113,437,0.5,0.2,2.9,0.3,Bug,None,No,1
Metapod,11,137,45,80,120,450,0.25,0.09,9.9,0.7,Bug,None,No,1
Butterfree,12,155,167,137,134,1827,0.125,0.06,32,1.1,Bug,Flying,No,1
Weedle,13,120,63,50,106,456,0.5,0.2,3.2,0.3,Bug,Poison,No,1
Kakuna,14,128,46,75,113,432,0.25,0.09,10,0.6,Bug,Poison,No,1
Beedrill,15,163,169,130,140,1846,0.125,0.06,29.5,1,Bug,Poison,No,1
Pidgey,16,120,85,73,106,680,0.5,0.2,1.8,0.3,Normal,Flying,No,1
Pidgeotto,17,160,117,105,138,1194,0.25,0.09,30,1.1,Normal,Flying,No,1
Pidgeot,18,195,166,154,165,2129,0.125,0.06,39.5,1.5,Normal,Flying,No,1
Rattata,19,102,103,70,92,734,0.5,0.2,3.5,0.3,Normal,None,No,1
Raticate,20,146,161,139,127,1730,0.2,0.07,18.5,0.7,Normal,None,No,1
Spearow,21,120,112,60,106,798,0.5,0.15,2,0.3,Normal,Flying,No,1
Fearow,22,163,182,133,140,1997,0.2,0.07,38,1.2,Normal,Flying,No,1
Ekans,23,111,110,97,99,927,0.5,0.15,6.9,2,Poison,None,No,1
Arbok,24,155,167,153,134,1921,0.2,0.07,65,3.5,Poison,None,No,1
Pikachu,25,111,112,96,99,938,0.2,0.1,6,0.4,Electric,None,No,1
Raichu,26,155,193,151,134,2182,0.1,0.06,30,0.8,Electric,None,No,1
Sandshrew,27,137,126,120,120,1261,0.5,0.1,12,0.6,Ground,None,No,1
Sandslash,28,181,182,175,154,2374,0.2,0.06,29.5,1,Ground,None,No,1
Nidoran-f,29,146,86,89,127,816,0.5,0.15,7,0.4,Poison,None,No,1
Nidorina,30,172,117,120,147,1309,0.25,0.07,20,0.8,Poison,None,No,1
Nidoqueen,31,207,180,173,175,2488,0.125,0.05,60,1.3,Poison,Ground,No,1
Nidoran-m,32,130,105,76,114,860,0.5,0.15,9,0.5,Poison,None,No,1
Nidorino,33,156,137,111,135,1393,0.25,0.07,19.5,0.9,Poison,None,No,1
Nidoking,34,191,204,156,162,2567,0.125,0.05,62,1.4,Poison,Ground,No,1
Clefairy,35,172,107,108,147,1155,0.3,0.1,7.5,0.6,Fairy,None,No,1
Clefable,36,216,178,162,182,2437,0.1,0.06,40,1.3,Fairy,None,No,1
Vulpix,37,116,96,109,103,883,0.3,0.1,9.9,0.6,Fire,None,No,1
Ninetales,38,177,169,190,151,2279,0.1,0.06,19.9,1.1,Fire,None,No,1
Jigglypuff,39,251,80,41,210,724,0.5,0.1,5.5,0.5,Normal,Fairy,No,1
Wigglytuff,40,295,156,90,244,1926,0.2,0.06,12,1,Normal,Fairy,No,1
Zubat,41,120,83,73,106,667,0.5,0.2,7.5,0.8,Poison,Flying,No,1
Golbat,42,181,161,150,154,1976,0.2,0.07,55,1.6,Poison,Flying,No,1
Oddish,43,128,131,112,113,1228,0.6,0.15,5.4,0.5,Grass,Poison,No,1
Gloom,44,155,153,136,134,1681,0.3,0.07,8.6,0.8,Grass,Poison,No,1
Vileplume,45,181,202,167,154,2559,0.15,0.05,18.6,1.2,Grass,Poison,No,1
Paras,46,111,121,99,99,1018,0.4,0.15,5.4,0.3,Bug,Grass,No,1
Parasect,47,155,165,146,134,1859,0.2,0.07,29.5,1,Bug,Grass,No,1
Venonat,48,155,100,100,134,1004,0.5,0.15,30,1,Bug,Poison,No,1
Venomoth,49,172,179,143,147,2082,0.2,0.07,12.5,1.5,Bug,Poison,No,1
Diglett,50,67,109,78,64,676,0.5,0.1,0.8,0.2,Ground,None,No,1
Dugtrio,51,111,167,136,99,1567,0.2,0.06,33.3,0.7,Ground,None,No,1
Meowth,52,120,92,78,106,748,0.5,0.15,4.2,0.4,Normal,None,No,1
Persian,53,163,150,136,140,1689,0.2,0.07,32,1,Normal,None,No,1
Psyduck,54,137,122,95,120,1106,0.5,0.1,19.6,0.8,Water,None,No,1
Golduck,55,190,191,162,162,2450,0.2,0.06,76.6,1.7,Water,None,No,1
Mankey,56,120,148,82,106,1164,0.5,0.1,28,0.5,Fighting,None,No,1
Primeape,57,163,207,138,140,2288,0.2,0.06,32,1,Fighting,None,No,1
Growlithe,58,146,136,93,127,1243,0.3,0.1,19,0.7,Fire,None,No,1
Arcanine,59,207,227,166,175,3029,0.1,0.06,155,1.9,Fire,None,No,1
Poliwag,60,120,101,82,106,829,0.5,0.15,12.4,0.6,Water,None,No,1
Poliwhirl,61,163,130,123,140,1419,0.25,0.07,20,1,Water,None,No,1
Poliwrath,62,207,182,184,175,2586,0.125,0.05,54,1.3,Water,Fighting,No,1
Abra,63,93,195,82,85,1342,0.5,0.99,19.5,0.9,Psychic,None,No,1
Kadabra,64,120,232,117,106,2059,0.25,0.07,56.5,1.3,Psychic,None,No,1
Alakazam,65,146,271,167,127,3057,0.1,0.05,48,1.5,Psychic,None,No,1
Machop,66,172,137,82,147,1278,0.5,0.1,19.5,0.8,Fighting,None,No,1
Machoke,67,190,177,125,162,2031,0.25,0.07,70.5,1.5,Fighting,None,No,1
Machamp,68,207,234,159,175,3056,0.1,0.05,130,1.6,Fighting,None,No,1
Bellsprout,69,137,139,61,120,1033,0.5,0.15,4,0.7,Grass,Poison,No,1
Weepinbell,70,163,172,92,140,1611,0.25,0.07,6.4,1,Grass,Poison,No,1
Victreebel,71,190,207,135,162,2431,0.125,0.05,15.5,1.7,Grass,Poison,No,1
Tentacool,72,120,97,149,106,1040,0.5,0.15,45.5,0.9,Water,Poison,No,1
Tentacruel,73,190,166,209,162,2422,0.2,0.07,55,1.6,Water,Poison,No,1
Geodude,74,120,132,132,106,1293,0.5,0.1,20,0.4,Rock,Ground,No,1
Graveler,75,146,164,164,127,1897,0.25,0.07,105,1,Rock,Ground,No,1
Golem,76,190,211,198,162,2949,0.125,0.05,300,1.4,Rock,Ground,No,1
Ponyta,77,137,170,127,120,1697,0.4,0.1,30,1,Fire,None,No,1
Rapidash,78,163,207,162,140,2461,0.15,0.06,95,1.7,Fire,None,No,1
Slowpoke,79,207,109,98,175,1226,0.5,0.1,36,1.2,Water,Psychic,No,1
Slowbro,80,216,177,180,182,2545,0.2,0.06,78.5,1.6,Water,Psychic,No,1
Magnemite,81,93,165,121,85,1362,0.5,0.1,6,0.3,Electric,Steel,No,1
Magneton,82,137,223,169,120,2485,0.2,0.06,60,1,Electric,Steel,No,1
Farfetch'd,83,141,124,115,123,1236,0.3,0.09,15,0.8,Normal,Flying,No,1
Doduo,84,111,158,83,99,1200,0.5,0.1,39.2,1.4,Normal,Flying,No,1
Dodrio,85,155,218,140,134,2362,0.2,0.06,85.2,1.8,Normal,Flying,No,1
Seel,86,163,85,121,140,971,0.5,0.09,90,1.1,Water,None,No,1
Dewgong,87,207,139,177,175,1985,0.2,0.06,120,1.7,Water,Ice,No,1
Grimer,88,190,135,90,162,1374,0.5,0.1,30,0.9,Poison,None,No,1
Muk,89,233,190,172,195,2757,0.2,0.06,30,1.2,Poison,None,No,1
Shellder,90,102,116,134,92,1080,0.5,0.1,4,0.3,Water,None,No,1
Cloyster,91,137,186,256,120,2547,0.2,0.06,132.5,1.5,Water,Ice,No,1
Gastly,92,102,186,67,92,1229,0.4,0.1,0.1,1.3,Ghost,Poison,No,1
Haunter,93,128,223,107,113,1963,0.2,0.07,0.1,1.6,Ghost,Poison,No,1
Gengar,94,155,261,149,134,2878,0.1,0.05,40.5,1.5,Ghost,Poison,No,1
Onix,95,111,85,232,99,1101,0.2,0.09,210,8.8,Rock,Ground,No,1
Drowzee,96,155,89,136,134,1040,0.5,0.1,32.4,1,Psychic,None,No,1
Hypno,97,198,144,193,168,2090,0.2,0.06,75.6,1.6,Psychic,None,No,1
Krabby,98,102,181,124,92,1561,0.5,0.15,6.5,0.4,Water,None,No,1
Kingler,99,146,240,181,127,2829,0.2,0.07,60,1.3,Water,None,No,1
Voltorb,100,120,109,111,106,1010,0.5,0.1,10.4,0.5,Electric,None,No,1
Electrode,101,155,173,173,134,2099,0.2,0.06,66.6,1.2,Electric,None,No,1
Exeggcute,102,155,107,125,134,1175,0.5,0.1,2.5,0.4,Grass,Psychic,No,1
Exeggutor,103,216,233,149,182,3014,0.2,0.06,120,2,Grass,Psychic,No,1
Cubone,104,137,90,144,120,1019,0.4,0.1,6.5,0.4,Ground,None,No,1
Marowak,105,155,144,186,134,1835,0.15,0.06,45,1,Ground,None,No,1
Hitmonlee,106,137,224,181,120,2576,0.2,0.09,49.8,1.5,Fighting,None,No,1
Hitmonchan,107,137,193,197,120,2332,0.2,0.09,50.2,1.4,Fighting,None,No,1
Lickitung,108,207,108,137,175,1411,0.2,0.09,65.5,1.2,Normal,None,No,1
Koffing,109,120,119,141,106,1214,0.5,0.1,1,0.6,Poison,None,No,1
Weezing,110,163,174,197,140,2293,0.2,0.06,9.5,1.2,Poison,None,No,1
Rhyhorn,111,190,140,127,162,1651,0.5,0.1,115,1,Ground,Rock,No,1
Rhydon,112,233,222,171,195,3179,0.05,0.06,120,1.9,Ground,Rock,No,1
Chansey,113,487,60,128,396,1255,0.2,0.09,34.6,1.1,Normal,None,No,1
Tangela,114,163,183,169,140,2238,0.4,0.09,35,1,Grass,None,No,1
Kangaskhan,115,233,181,165,195,2586,0.2,0.09,80,2.2,Normal,None,No,1
Horsea,116,102,129,103,92,1056,0.5,0.1,8,0.4,Water,None,No,1
Seadra,117,146,187,156,127,2093,0.2,0.06,25,1.2,Water,None,No,1
Goldeen,118,128,123,110,113,1152,0.5,0.15,15,0.6,Water,None,No,1
Seaking,119,190,175,147,162,2162,0.2,0.07,39,1.3,Water,None,No,1
Staryu,120,102,137,112,92,1157,0.5,0.15,34.5,0.8,Water,None,No,1
Starmie,121,155,210,184,134,2584,0.2,0.06,80,1.1,Water,Psychic,No,1
Mr-Mime,122,120,192,205,106,2228,0.3,0.09,54.5,1.3,Psychic,Fairy,No,1
Scyther,123,172,218,170,147,2706,0.3,0.09,56,1.5,Bug,Flying,No,1
Jynx,124,163,223,151,140,2555,0.3,0.09,40.6,1.4,Ice,Psychic,No,1
Electabuzz,125,163,198,158,140,2334,0.2,0.09,30,1.1,Electric,None,No,1
Magmar,126,163,206,154,140,2394,0.2,0.09,44.5,1.3,Fire,None,No,1
Pinsir,127,163,238,182,140,2959,0.3,0.09,55,1.5,Bug,None,No,1
Tauros,128,181,198,183,154,2620,0.3,0.09,88.4,1.4,Normal,None,No,1
Magikarp,129,85,29,85,79,274,0.7,0.15,10,0.9,Water,None,No,1
Gyarados,130,216,237,186,182,3391,0.1,0.07,235,6.5,Water,Flying,No,1
Lapras,131,277,165,174,230,2641,0.05,0.09,220,2.5,Water,Ice,No,1
Ditto,132,134,91,91,117,832,0.2,0.1,4,0.3,Normal,None,No,1
Eevee,133,146,104,114,127,1071,0.4,0.1,6.5,0.3,Normal,None,No,1
Vaporeon,134,277,205,161,230,3114,0.125,0.06,29,1,Water,None,No,1
Jolteon,135,163,232,182,140,2888,0.125,0.06,24.5,0.8,Electric,None,No,1
Flareon,136,163,246,179,140,3029,0.125,0.06,25,0.9,Fire,None,No,1
Porygon,137,163,153,136,140,1720,0.4,0.09,36.5,0.8,Normal,None,No,1
Omanyte,138,111,155,153,99,1544,0.4,0.09,7.5,0.4,Rock,Water,No,1
Omastar,139,172,207,201,147,2786,0.15,0.05,35,1,Rock,Water,No,1
Kabuto,140,102,148,140,92,1370,0.4,0.09,11.5,0.5,Rock,Water,No,1
Kabutops,141,155,220,186,134,2713,0.15,0.05,40.5,1.3,Rock,Water,No,1
Aerodactyl,142,190,221,159,162,2783,0.2,0.09,59,1.8,Rock,Flying,No,1
Snorlax,143,330,190,169,272,3225,0.05,0.09,460,2.1,Normal,None,No,1
Articuno,144,207,192,236,175,3051,0.03,0.1,55.4,1.7,Ice,Flying,Yes,1
Zapdos,145,207,253,185,175,3527,0.03,0.1,52.6,1.6,Electric,Flying,Yes,1
Moltres,146,207,251,181,175,3465,0.03,0.1,60,2,Fire,Flying,Yes,1
Dratini,147,121,119,91,107,1004,0.4,0.09,3.3,1.8,Dragon,None,No,1
Dragonair,148,156,163,135,135,1780,0.1,0.06,16.5,4,Dragon,None,No,1
Dragonite,149,209,263,198,177,3792,0.05,0.05,210,2.2,Dragon,Flying,No,1
Mewtwo,150,214,300,182,180,4178,0.06,0.1,122,2,Psychic,None,Yes,1
Mew,151,225,210,210,189,3265,1,0,4,0.4,Psychic,None,Yes,1
Chikorita,152,128,92,122,113,935,0.2,0.1,6.4,0.89,Grass,None,No,2
Bayleef,153,155,122,155,134,1454,0.125,0.07,15.8,1.19,Grass,None,No,2
Meganium,154,190,168,202,162,2410,0.05,0.05,100.5,1.8,Grass,None,No,2
Cyndaquil,155,118,116,93,105,980,0.2,0.1,7.9,0.51,Fire,None,No,2
Quilava,156,151,158,126,131,1653,0.125,0.07,19,0.89,Fire,None,No,2
Typhlosion,157,186,223,173,158,2889,0.05,0.05,79.5,1.7,Fire,None,No,2
Totodile,158,137,117,109,120,1131,0.2,0.1,9.5,0.61,Water,None,No,2
Croconaw,159,163,150,142,140,1722,0.125,0.07,25,1.09,Water,None,No,2
Feraligatr,160,198,205,188,168,2857,0.05,0.05,88.8,2.31,Water,None,No,2
Sentret,161,111,79,73,99,618,0.5,0.2,6,0.79,Normal,None,No,2
Furret,162,198,148,125,168,1758,0.15,0.07,32.5,1.8,Normal,None,No,2
Hoothoot,163,155,67,88,134,677,0.5,0.15,21.2,0.71,Normal,Flying,No,2
Noctowl,164,225,145,156,189,2024,0.15,0.07,40.8,1.6,Normal,Flying,No,2
Ledyba,165,120,72,118,106,728,0.5,0.2,10.8,0.99,Bug,Flying,No,2
Ledian,166,146,107,179,127,1346,0.15,0.07,35.6,1.4,Bug,Flying,No,2
Spinarak,167,120,105,73,106,816,0.5,0.2,8.5,0.51,Bug,Poison,No,2
Ariados,168,172,161,124,147,1772,0.15,0.07,33.5,1.09,Bug,Poison,No,2
Crobat,169,198,194,178,168,2646,0.1,0.05,75,1.8,Poison,Flying,No,2
Chinchou,170,181,106,97,154,1119,0.4,0.1,12,0.51,Water,Electric,No,2
Lanturn,171,268,146,137,223,2085,0.15,0.07,22.5,1.19,Water,Electric,No,2
Pichu,172,85,77,53,79,473,0,0.05,2,0.3,Electric,None,No,2
Cleffa,173,137,75,79,120,671,0,0.05,3,0.3,Fairy,None,No,2
Igglybuff,174,207,69,32,175,535,0,0.05,1,0.3,Normal,Fairy,No,2
Togepi,175,111,67,116,99,657,0,0.05,1.5,0.3,Fairy,None,No,2
Togetic,176,146,139,181,127,1708,0.2,0.05,3.2,0.61,Fairy,Flying,No,2
Natu,177,120,134,89,106,1102,0.4,0.15,2,0.2,Psychic,Flying,No,2
Xatu,178,163,192,146,140,2188,0.15,0.07,15,1.5,Psychic,Flying,No,2
Mareep,179,146,114,79,127,991,0.5,0.1,7.8,0.61,Electric,None,No,2
Flaaffy,180,172,145,109,147,1521,0.25,0.07,13.3,0.79,Electric,None,No,2
Ampharos,181,207,211,169,175,2852,0.125,0.05,61.5,1.4,Electric,None,No,2
Bellossom,182,181,169,186,154,2281,0.05,0.05,5.8,0.41,Grass,None,No,2
Marill,183,172,37,93,147,461,0.5,0.1,8.5,0.41,Water,Fairy,No,2
Azumarill,184,225,112,152,189,1588,0.15,0.07,28.5,0.79,Water,Fairy,No,2
Sudowoodo,185,172,167,176,147,2148,0.125,0.05,38,1.19,Rock,None,No,2
Politoed,186,207,174,179,175,2449,0.1,0.05,33.9,1.09,Water,None,No,2
Hoppip,187,111,67,94,99,600,0.5,0.12,0.5,0.41,Grass,Flying,No,2
Skiploom,188,146,91,120,127,976,0.25,0.07,1,0.61,Grass,Flying,No,2
Jumpluff,189,181,118,183,154,1636,0.125,0.05,3,0.79,Grass,Flying,No,2
Aipom,190,146,136,112,127,1348,0.2,0.09,11.5,0.79,Normal,None,No,2
Sunkern,191,102,55,55,92,395,0.5,0.09,1.8,0.3,Grass,None,No,2
Sunflora,192,181,185,135,154,2141,0.1,0.07,8.5,0.79,Grass,None,No,2
Yanma,193,163,154,94,140,1470,0.3,0.1,38,1.19,Bug,Flying,No,2
Wooper,194,146,75,66,127,641,0.4,0.1,8.5,0.41,Water,Ground,No,2
Quagsire,195,216,152,143,182,1992,0.15,0.07,75,1.4,Water,Ground,No,2
Espeon,196,163,261,175,140,3170,0.125,0.05,26.5,0.89,Psychic,None,No,2
Umbreon,197,216,126,240,182,2137,0.125,0.05,27,0.99,Dark,None,No,2
Murkrow,198,155,175,87,134,1562,0.2,0.1,2.1,0.51,Dark,Flying,No,2
Slowking,199,216,177,180,182,2545,0.1,0.05,79.5,2.01,Water,Psychic,No,2
Misdreavus,200,155,167,154,134,1926,0.3,0.07,1,0.71,Ghost,None,No,2
Unown,201,134,136,91,117,1185,0.3,0.1,5,0.51,Psychic,None,No,2
Wobbuffet,202,382,60,106,313,1026,0.25,0.07,28.5,1.3,Psychic,None,No,2
Girafarig,203,172,182,133,147,2046,0.3,0.07,41.5,1.5,Normal,Psychic,No,2
Pineco,204,137,108,122,120,1108,0.4,0.12,7.2,0.61,Bug,None,No,2
Forretress,205,181,161,205,154,2282,0.15,0.07,125.8,1.19,Bug,Steel,No,2
Dunsparce,206,225,131,128,189,1689,0.3,0.2,14,1.5,Normal,None,No,2
Gligar,207,163,143,184,140,1857,0.2,0.07,64.8,1.09,Ground,Flying,No,2
Steelix,208,181,148,272,154,2414,0.1,0.05,400,9.19,Steel,Ground,No,2
Snubbull,209,155,137,85,134,1237,0.4,0.1,7.8,0.61,Fairy,None,No,2
Granbull,210,207,212,131,175,2552,0.15,0.08,48.7,1.4,Fairy,None,No,2
Qwilfish,211,163,184,138,140,2051,0.3,0.08,3.9,0.51,Water,Poison,No,2
Scizor,212,172,236,181,147,3001,0.05,0.05,125,2.01,Bug,Steel,No,2
Shuckle,213,85,17,396,79,405,0.3,0.07,20.5,0.61,Bug,Rock,No,2
Heracross,214,190,234,179,162,3101,0.3,0.09,54,1.5,Bug,Fighting,No,2
Sneasel,215,146,189,146,127,2051,0.2,0.07,28,0.89,Dark,Ice,No,2
Teddiursa,216,155,142,93,134,1328,0.5,0.2,8.8,0.61,Normal,None,No,2
Ursaring,217,207,236,144,175,2945,0.15,0.07,125.8,1.8,Normal,None,No,2
Slugma,218,120,118,71,106,895,0.3,0.1,35,0.71,Fire,None,No,2
Magcargo,219,137,139,191,120,1702,0.125,0.06,55,0.79,Fire,Rock,No,2
Swinub,220,137,90,69,120,741,0.3,0.1,6.5,0.41,Ice,Ground,No,2
Piloswine,221,225,181,138,189,2345,0.125,0.06,55.8,1.09,Ice,Ground,No,2
Corsola,222,146,118,156,127,1378,0.3,0.12,5,0.61,Water,Rock,No,2
Remoraid,223,111,127,69,99,912,0.5,0.1,12,0.61,Water,None,No,2
Octillery,224,181,197,141,154,2315,0.15,0.07,28.5,0.89,Water,None,No,2
Delibird,225,128,128,90,113,1094,0.2,0.2,16,0.89,Ice,Flying,No,2
Mantine,226,163,148,226,140,2108,0.3,0.07,220,2.11,Water,Flying,No,2
Skarmory,227,163,148,226,140,2108,0.2,0.09,50.5,1.7,Steel,Flying,No,2
Houndour,228,128,152,83,113,1234,0.4,0.1,10.8,0.61,Dark,Fire,No,2
Houndoom,229,181,224,144,154,2635,0.15,0.06,35,1.4,Dark,Fire,No,2
Kingdra,230,181,194,194,154,2641,0.1,0.05,152,1.8,Water,Dragon,No,2
Phanpy,231,207,107,98,175,1206,0.5,0.2,33.5,0.51,Ground,None,No,2
Donphan,232,207,214,185,175,3013,0.125,0.07,120,1.09,Ground,None,No,2
Porygon2,233,198,198,180,168,2711,0.05,0.05,32.5,0.61,Normal,None,No,2
Stantler,234,177,192,131,151,2164,0.3,0.08,71.2,1.4,Normal,None,No,2
Smeargle,235,146,40,83,127,431,0.25,0.07,58,1.19,Normal,None,No,2
Tyrogue,236,111,64,64,99,492,0,0.2,21,0.71,Fighting,None,No,2
Hitmontop,237,137,173,207,120,2156,0.1,0.05,48,1.4,Fighting,None,No,2
Smoochum,238,128,153,91,113,1291,0,0.2,6,0.41,Ice,Psychic,No,2
Elekid,239,128,135,101,113,1206,0,0.2,23.5,0.61,Electric,None,No,2
Magby,240,128,151,99,113,1323,0,0.2,21.4,0.71,Fire,None,No,2
Miltank,241,216,157,193,182,2354,0.2,0.08,75.5,1.19,Normal,None,No,2
Blissey,242,496,129,169,403,2757,0.05,0.05,46.8,1.5,Normal,None,No,2
Raikou,243,207,241,195,175,3452,0.02,0.04,178,1.91,Electric,None,Yes,2
Entei,244,251,235,171,210,3473,0.02,0.04,198,2.11,Fire,None,Yes,2
Suicune,245,225,180,235,189,2983,0.02,0.04,187,2.01,Water,None,Yes,2
Larvitar,246,137,115,93,120,1040,0.4,0.1,72,0.61,Rock,Ground,No,2
Pupitar,247,172,155,133,147,1766,0.1,0.07,152,1.19,Rock,Ground,No,2
Tyranitar,248,225,251,207,189,3834,0.05,0.04,202,2.01,Rock,Dark,No,2
Lugia,249,235,193,310,197,3703,0.02,0.04,216,5.21,Psychic,Flying,Yes,2
Ho-Oh,250,214,239,244,180,3863,0.02,0.04,199,3.81,Fire,Flying,No,2
Celebi,251,225,210,210,189,3265,1,0,5,0.61,Psychic,Grass,No,2
Treecko,252,120,124,94,106,1053,0.2,0.1,5,0.51,Grass,None,No,3
Grovyle,253,137,172,120,120,1673,0.1,0.07,21.6,0.89,Grass,None,No,3
Sceptile,254,172,223,169,147,2757,0.05,0.05,52.2,1.7,Grass,None,No,3
Torchic,255,128,130,87,113,1093,0.2,0.1,2.5,0.41,Fire,None,No,3
Combusken,256,155,163,115,134,1652,0.1,0.07,19.5,0.89,Fire,Fighting,No,3
Blaziken,257,190,240,141,162,2848,0.05,0.05,52,1.91,Fire,Fighting,No,3
Mudkip,258,137,126,93,120,1128,0.2,0.1,7.6,0.41,Water,None,No,3
Marshtomp,259,172,156,133,147,1776,0.1,0.07,28,0.71,Water,Ground,No,3
Swampert,260,225,208,175,189,2974,0.05,0.05,81.9,1.5,Water,Ground,No,3
Poochyena,261,111,96,61,99,678,0.5,0.2,13.6,0.51,Dark,None,No,3
Mightyena,262,172,171,132,147,1926,0.2,0.07,37,0.99,Dark,None,No,3
Zigzagoon,263,116,58,80,103,508,0.5,0.2,17.5,0.41,Normal,None,No,3
Linoone,264,186,142,128,158,1662,0.2,0.07,32.5,0.51,Normal,None,No,3
Wurmple,265,128,75,59,113,578,0.5,0.2,3.6,0.3,Bug,None,No,3
Silcoon,266,137,60,77,120,553,0.25,0.09,10,0.61,Bug,None,No,3
Beautifly,267,155,189,98,134,1765,0.125,0.06,28.4,0.99,Bug,Flying,No,3
Cascoon,268,137,60,77,120,553,0.25,0.09,11.5,0.71,Bug,None,No,3
Dustox,269,155,98,162,134,1224,0.125,0.06,31.6,1.19,Bug,Poison,No,3
Lotad,270,120,71,77,106,598,0.5,0.2,2.6,0.51,Water,Grass,No,3
Lombre,271,155,112,119,134,1197,0.25,0.09,32.5,1.19,Water,Grass,No,3
Ludicolo,272,190,173,176,162,2323,0.125,0.06,55,1.5,Water,Grass,No,3
Seedot,273,120,71,77,106,598,0.5,0.2,4,0.51,Grass,None,No,3
Nuzleaf,274,172,134,78,147,1227,0.25,0.09,28,0.99,Grass,Dark,No,3
Shiftry,275,207,200,121,175,2333,0.125,0.06,59.6,1.3,Grass,Dark,No,3
Taillow,276,120,106,61,106,765,0.5,0.2,2.3,0.3,Normal,Flying,No,3
Swellow,277,155,185,124,134,1920,0.2,0.07,19.8,0.71,Normal,Flying,No,3
Wingull,278,120,106,61,106,765,0.5,0.2,9.5,0.61,Water,Flying,No,3
Pelipper,279,155,175,174,134,2127,0.2,0.07,28,1.19,Water,Flying,No,3
Ralts,280,99,79,59,90,539,0.4,0.09,6.6,0.41,Psychic,Fairy,No,3
Kirlia,281,116,117,90,103,966,0.1,0.06,20.2,0.79,Psychic,Fairy,No,3
Gardevoir,282,169,237,195,145,3093,0.05,0.05,48.4,1.6,Psychic,Fairy,No,3
Surskit,283,120,93,87,106,791,0.5,0.2,1.7,0.51,Bug,Water,No,3
Masquerain,284,172,192,150,147,2270,0.2,0.07,3.6,0.79,Bug,Flying,No,3
Shroomish,285,155,74,110,134,810,0.5,0.2,4.5,0.41,Grass,None,No,3
Breloom,286,155,241,144,134,2628,0.2,0.07,39.2,1.19,Grass,Fighting,No,3
Slakoth,287,155,104,92,134,1002,0.4,0.09,24,0.79,Normal,None,No,3
Vigoroth,288,190,159,145,162,1968,0.1,0.06,46.5,1.4,Normal,None,No,3
Slaking,289,284,290,166,236,4431,0.05,0.05,130.5,2.01,Normal,None,No,3
Nincada,290,104,80,126,94,768,0.2,0.1,5.5,0.51,Bug,Ground,No,3
Ninjask,291,156,199,112,135,1969,0.1,0.07,12,0.79,Bug,Flying,No,3
Shedinja,292,1,153,73,12,393,0.05,0.05,1.2,0.79,Bug,Ghost,No,3
Whismur,293,162,92,42,139,671,0.5,0.2,16.3,0.61,Normal,None,No,3
Loudred,294,197,134,81,167,1327,0.25,0.09,40.5,0.99,Normal,None,No,3
Exploud,295,232,179,137,195,2347,0.125,0.06,84,1.5,Normal,None,No,3
Makuhita,296,176,99,54,150,817,0.5,0.1,86.4,0.99,Fighting,None,No,3
Hariyama,297,302,209,114,250,2829,0.2,0.06,253.8,2.31,Fighting,None,No,3
Azurill,298,137,36,71,120,364,0.1,0.04,2,0.2,Normal,Fairy,No,3
Nosepass,299,102,82,215,92,993,0.2,0.09,97,0.99,Rock,None,No,3
Skitty,300,137,84,79,120,739,0.5,0.1,11,0.61,Normal,None,No,3
Delcatty,301,172,132,127,147,1496,0.2,0.06,32.6,1.09,Normal,None,No,3
Sableye,302,137,141,136,120,1476,0.2,0.07,11,0.51,Dark,Ghost,No,3
Mawile,303,137,155,141,120,1634,0.5,0.09,11.5,0.61,Steel,Fairy,No,3
Aron,304,137,121,141,120,1307,0.5,0.2,60,0.41,Steel,Rock,No,3
Lairon,305,155,158,198,134,2056,0.25,0.09,120,0.89,Steel,Rock,No,3
Aggron,306,172,198,257,147,3000,0.125,0.06,360,2.11,Steel,Rock,No,3
Meditite,307,102,78,107,92,693,0.5,0.1,11.2,0.61,Fighting,Psychic,No,3
Medicham,308,155,121,152,134,1431,0.2,0.06,31.5,1.3,Fighting,Psychic,No,3
Electrike,309,120,123,78,106,965,0.5,0.1,15.2,0.61,Electric,None,No,3
Manectric,310,172,215,127,147,2340,0.2,0.06,40.2,1.5,Electric,None,No,3
Plusle,311,155,167,129,134,1778,0.3,0.09,4.2,0.41,Electric,None,No,3
Minun,312,155,147,150,134,1694,0.3,0.09,4.2,0.41,Electric,None,No,3
Volbeat,313,163,143,166,140,1771,0.3,0.09,17.7,0.71,Bug,None,No,3
Illumise,314,163,143,166,140,1771,0.3,0.09,17.7,0.61,Bug,None,No,3
Roselia,315,137,186,131,120,1870,0.3,0.09,2,0.3,Grass,Poison,No,3
Gulpin,316,172,80,99,147,866,0.5,0.1,10.3,0.41,Poison,None,No,3
Swalot,317,225,140,159,189,1978,0.2,0.06,80,1.7,Poison,None,No,3
Carvanha,318,128,171,39,113,1020,0.5,0.1,20.8,0.79,Water,Dark,No,3
Sharpedo,319,172,243,83,147,2181,0.2,0.06,88.8,1.8,Water,Dark,No,3
Wailmer,320,277,136,68,230,1468,0.5,0.1,130,2.01,Water,None,No,3
Wailord,321,347,175,87,286,2280,0.2,0.06,398,14.5,Water,None,No,3
Numel,322,155,119,79,134,1057,0.5,0.1,24,0.71,Fire,Ground,No,3
Camerupt,323,172,194,136,147,2193,0.2,0.06,220,1.91,Fire,Ground,No,3
Torkoal,324,172,151,203,147,2093,0.3,0.09,80.4,0.51,Fire,None,No,3
Spoink,325,155,125,122,134,1334,0.5,0.1,30.6,0.71,Psychic,None,No,3
Grumpig,326,190,171,188,162,2369,0.2,0.06,71.5,0.89,Psychic,None,No,3
Spinda,327,155,116,116,134,1220,0.3,0.09,5,1.09,Normal,None,No,3
Trapinch,328,128,162,78,113,1274,0.4,0.09,15,0.71,Ground,None,No,3
Vibrava,329,137,134,99,120,1225,0.1,0.06,15.3,1.09,Ground,Dragon,No,3
Flygon,330,190,205,168,162,2661,0.05,0.05,82,2.01,Ground,Dragon,No,3
Cacnea,331,137,156,74,120,1242,0.5,0.1,51.3,0.41,Grass,None,No,3
Cacturne,332,172,221,115,147,2298,0.2,0.06,77.4,1.3,Grass,Dark,No,3
Swablu,333,128,76,132,113,824,0.5,0.1,1.2,0.41,Normal,Flying,No,3
Altaria,334,181,141,201,154,2004,0.2,0.06,20.6,1.09,Dragon,Flying,No,3
Zangoose,335,177,222,124,151,2418,0.3,0.09,40.3,1.3,Normal,None,No,3
Seviper,336,177,196,118,151,2105,0.3,0.09,52.5,2.69,Poison,None,No,3
Lunatone,337,207,178,153,175,2327,0.3,0.09,168,0.99,Rock,Psychic,No,3
Solrock,338,207,178,153,175,2327,0.3,0.09,154,1.19,Rock,Psychic,No,3
Barboach,339,137,93,82,120,819,0.5,0.1,1.9,0.41,Water,Ground,No,3
Whiscash,340,242,151,141,203,2075,0.2,0.06,23.6,0.89,Water,Ground,No,3
Corphish,341,125,141,99,110,1230,0.5,0.1,11.5,0.61,Water,None,No,3
Crawdaunt,342,160,224,142,138,2474,0.2,0.06,32.8,1.09,Water,Dark,No,3
Baltoy,343,120,77,124,106,787,0.5,0.1,21.5,0.51,Ground,Psychic,No,3
Claydol,344,155,140,229,134,1971,0.2,0.06,108,1.5,Ground,Psychic,No,3
Lileep,345,165,105,150,142,1291,0.5,0.1,23.8,0.99,Rock,Grass,No,3
Cradily,346,200,152,194,169,2211,0.2,0.06,60.4,1.5,Rock,Grass,No,3
Anorith,347,128,176,100,113,1529,0.5,0.1,12.5,0.71,Rock,Bug,No,3
Armaldo,348,181,222,174,154,2848,0.2,0.06,68.2,1.5,Rock,Bug,No,3
Feebas,349,85,29,85,79,274,0.7,0.15,7.4,0.61,Water,None,No,3
Milotic,350,216,192,219,182,3005,0.1,0.07,162,6.2,Water,None,No,3
Castform,351,172,139,139,147,1632,0.3,0.1,0.8,0.3,Normal,None,No,3
Kecleon,352,155,161,189,134,2047,0.3,0.1,22,0.99,Normal,None,No,3
Shuppet,353,127,138,65,112,1018,0.4,0.1,2.3,0.61,Ghost,None,No,3
Banette,354,162,218,126,139,2298,0.2,0.07,12.5,1.09,Ghost,None,No,3
Duskull,355,85,70,162,79,706,0.4,0.1,15,0.79,Ghost,None,No,3
Dusclops,356,120,124,234,106,1591,0.2,0.07,30.6,1.6,Ghost,None,No,3
Tropius,357,223,136,163,188,1941,0.3,0.1,100,2.01,Grass,Flying,No,3
Chimecho,358,181,175,170,154,2259,0.3,0.1,1,0.61,Psychic,None,No,3
Absol,359,163,246,120,140,2526,0.5,0.1,47,1.19,Dark,None,No,3
Wynaut,360,216,41,86,182,534,0.3,0.1,14,0.61,Psychic,None,No,3
Snorunt,361,137,95,95,120,888,0.5,0.1,16.8,0.71,Ice,None,No,3
Glalie,362,190,162,162,162,2105,0.2,0.06,256.5,1.5,Ice,None,No,3
Spheal,363,172,95,90,147,962,0.5,0.1,39.5,0.79,Ice,Water,No,3
Sealeo,364,207,137,132,175,1714,0.25,0.07,87.6,1.09,Ice,Water,No,3
Walrein,365,242,182,176,203,2726,0.125,0.05,150.6,1.4,Ice,Water,No,3
Clamperl,366,111,133,135,99,1270,0.5,0.1,52.5,0.41,Water,None,No,3
Huntail,367,146,197,179,127,2340,0.2,0.06,27,1.7,Water,None,No,3
Gorebyss,368,146,211,179,127,2494,0.2,0.06,22.6,1.8,Water,None,No,3
Relicanth,369,225,162,203,189,2528,0.9,0.01,23.4,0.99,Water,Rock,No,4
Luvdisc,370,125,81,128,110,848,0.3,0.1,8.7,0.61,Water,None,No,4
Bagon,371,128,134,93,113,1156,0.4,0.09,42.1,0.61,Dragon,None,No,4
Shelgon,372,163,172,155,140,2031,0.1,0.06,110.5,1.09,Dragon,None,No,4
Salamence,373,216,277,168,182,3749,0.05,0.05,102.6,1.5,Dragon,Flying,No,4
Beldum,374,120,96,132,106,976,0.4,0.09,95.2,0.61,Steel,Psychic,No,4
Metang,375,155,138,176,134,1721,0.1,0.06,202.5,1.19,Steel,Psychic,No,4
Metagross,376,190,257,228,162,3791,0.05,0.05,550,1.6,Steel,Psychic,No,4
Regirock,377,190,179,309,162,3122,0.02,0.01,230,1.7,Rock,None,Yes,4
Regice,378,190,179,309,162,3122,0.02,0.01,175,1.8,Ice,None,Yes,4
Registeel,379,190,143,285,162,2447,0.02,0.01,205,1.91,Steel,None,Yes,4
Latias,380,190,228,246,162,3510,0.02,0.01,40,1.4,Dragon,Psychic,Yes,4
Latios,381,190,268,212,162,3812,0.02,0.01,60,2.01,Dragon,Psychic,Yes,4
Kyogre,382,205,270,228,173,4115,0.02,0.01,352,4.5,Water,None,Yes,4
Groudon,383,205,270,228,173,4115,0.02,0.01,950,3.51,Ground,None,Yes,4
Rayquaza,384,213,284,170,180,3835,0.02,0.01,206.5,7.01,Dragon,Flying,Yes,4
Jirachi,385,225,210,210,189,3265,1,0,1.1,0.3,Steel,Psychic,Yes,4
Deoxys,386,137,345,115,120,3160,0.06,0.01,60.8,1.7,Psychic,None,No,4
Turtwig,387,146,119,110,127,1187,0.2,0.1,10.2,0.4,Grass,None,No,4
Grotle,388,181,157,143,154,1890,0.1,0.07,97,1.1,Grass,None,No,4
Torterra,389,216,202,188,182,2934,0.05,0.05,310,2.2,Grass,Ground,No,4
Chimchar,390,127,113,86,112,957,0.2,0.1,6.2,0.5,Fire,None,No,4
Monferno,391,162,158,105,139,1574,0.1,0.07,22,0.9,Fire,Fighting,No,4
Infernape,392,183,222,151,156,2683,0.05,0.05,55,1.2,Fire,Fighting,No,4
Piplup,393,142,112,102,124,1075,0.2,0.1,5.2,0.4,Water,None,No,4
Prinplup,394,162,150,139,139,1701,0.1,0.07,23,0.8,Water,None,No,4
Empoleon,395,197,210,186,167,2900,0.05,0.05,84.5,1.7,Water,Steel,No,4
Starly,396,120,101,58,106,719,0.5,0.2,2,0.3,Normal,Flying,No,4
Staravia,397,146,142,94,127,1299,0.25,0.09,15.5,0.6,Normal,Flying,No,4
Staraptor,398,198,234,140,168,2825,0.125,0.06,24.9,1.2,Normal,Flying,No,4
Bidoof,399,153,80,73,132,721,0.5,0.2,20,0.5,Normal,None,No,4
Bibarel,400,188,162,119,160,1823,0.2,0.07,31.5,1,Normal,Water,No,4
Kricketot,401,114,45,74,101,401,0.5,0.2,2.2,0.3,Bug,None,No,4
Kricketune,402,184,160,100,157,1653,0.2,0.07,25.5,1,Bug,None,No,4
Shinx,403,128,117,64,113,876,0.5,0.1,9.5,0.5,Electric,None,No,4
Luxio,404,155,159,95,134,1486,0.25,0.07,30.5,0.9,Electric,None,No,4
Luxray,405,190,232,156,162,2888,0.125,0.05,42,1.4,Electric,None,No,4
Budew,406,120,91,109,106,856,0.1,0.04,1.2,0.2,Grass,Poison,No,4
Roserade,407,155,243,185,134,2971,0.15,0.07,14.5,0.9,Grass,Poison,No,4
Cranidos,408,167,218,71,143,1820,0.5,0.1,31.5,0.9,Rock,None,No,4
Rampardos,409,219,295,109,184,3298,0.2,0.06,102.5,1.6,Rock,None,No,4
Shieldon,410,102,76,195,92,890,0.5,0.1,57,0.5,Rock,Steel,No,4
Bastiodon,411,155,94,286,134,1539,0.2,0.06,149.5,1.3,Rock,Steel,No,4
Burmy,412,120,53,83,106,488,0.5,0.2,3.4,0.2,Bug,None,No,4
Wormadam,413,155,141,180,134,1773,0.15,0.07,6.5,0.5,Bug,Grass,No,4
Mothim,414,172,185,98,147,1815,0.15,0.07,23.3,0.9,Bug,Flying,No,4
Combee,415,102,59,83,92,494,0.15,0.07,5.5,0.3,Bug,Flying,No,4
Vespiquen,416,172,149,190,147,2005,0.15,0.07,38.5,1.2,Bug,Flying,No,4
Pachirisu,417,155,94,172,134,1213,0.3,0.09,3.9,0.4,Electric,None,No,4
Buizel,418,146,132,67,127,1054,0.5,0.1,29.5,0.7,Water,None,No,4
Floatzel,419,198,221,114,168,2443,0.2,0.06,33.5,1.1,Water,None,No,4
Cherubi,420,128,108,92,113,950,0.5,0.09,3.3,0.4,Grass,None,No,4
Cherrim,421,172,170,153,147,2048,0.1,0.07,9.3,0.5,Grass,None,No,4
Shellos,422,183,103,105,156,1136,0.5,0.1,6.3,0.3,Water,None,No,4
Gastrodon,423,244,169,143,204,2324,0.2,0.06,29.9,0.9,Water,Ground,No,4
Ambipom,424,181,205,143,154,2418,0.2,0.06,20.3,1.2,Normal,None,No,4
Drifloon,425,207,117,80,175,1197,0.4,0.1,1.2,0.4,Ghost,Flying,No,4
Drifblim,426,312,180,102,258,2382,0.2,0.07,15,1.2,Ghost,Flying,No,4
Buneary,427,146,130,105,127,1258,0.5,0.1,5.5,0.4,Normal,None,No,4
Lopunny,428,163,156,194,140,2059,0.2,0.06,33.3,1.2,Normal,None,No,4
Mismagius,429,155,211,187,134,2615,0.1,0.07,4.4,0.9,Ghost,None,No,4
Honchkrow,430,225,243,103,189,2711,0.1,0.07,27.3,0.9,Dark,Flying,No,4
Glameow,431,135,109,82,118,934,0.4,0.1,3.9,0.5,Normal,None,No,4
Purugly,432,174,172,133,149,1953,0.15,0.08,43.8,1,Normal,None,No,4
Chingling,433,128,114,94,113,1005,0.1,0.04,0.6,0.2,Psychic,None,No,4
Stunky,434,160,121,90,138,1151,0.5,0.1,19.2,0.4,Poison,Dark,No,4
Skuntank,435,230,184,132,193,2358,0.2,0.06,38,1,Poison,Dark,No,4
Bronzor,436,149,43,154,129,603,0.5,0.1,60.5,0.5,Steel,Psychic,No,4
Bronzong,437,167,161,213,143,2239,0.2,0.06,187,1.3,Steel,Psychic,No,4
Bonsly,438,137,124,133,120,1302,0.1,0.04,15,0.5,Rock,None,No,4
Mime-Jr,439,85,125,142,79,1095,0.1,0.04,13,0.6,Psychic,Fairy,No,4
Happiny,440,225,25,77,189,371,0.1,0.04,24.4,0.6,Normal,None,No,4
Chatot,441,183,183,91,156,1791,0.3,0.09,1.9,0.5,Normal,Flying,No,4
Spiritomb,442,137,169,199,120,2072,0.1,0.04,108,1,Ghost,Dark,No,4
Gible,443,151,124,84,131,1112,0.4,0.09,20.5,0.7,Dragon,Ground,No,4
Gabite,444,169,172,125,145,1874,0.1,0.06,56,1.4,Dragon,Ground,No,4
Garchomp,445,239,261,193,200,3962,0.05,0.05,95,1.9,Dragon,Ground,No,4
Munchlax,446,286,137,117,237,1892,0.1,0.04,105,0.6,Normal,None,No,4
Riolu,447,120,127,78,106,993,0,0.2,20.2,0.7,Fighting,None,No,4
Lucario,448,172,236,144,147,2703,0.1,0.05,54,1.2,Fighting,Steel,No,4
Hippopotas,449,169,124,118,145,1358,0.4,0.1,49.5,0.8,Ground,None,No,4
Hippowdon,450,239,201,191,200,3085,0.15,0.08,300,2,Ground,None,No,4
Skorupi,451,120,93,151,106,1009,0.4,0.1,12,0.8,Poison,Bug,No,4
Drapion,452,172,180,202,147,2453,0.15,0.08,61.5,1.3,Poison,Dark,No,4
Croagunk,453,134,116,76,117,952,0.4,0.12,23,0.7,Poison,Fighting,No,4
Toxicroak,454,195,211,133,165,2488,0.15,0.07,44.4,1.3,Poison,Fighting,No,4
Carnivine,455,179,187,136,153,2159,0.9,0.01,27,1.4,Grass,None,No,4
Finneon,456,135,96,116,118,971,0.5,0.1,7,0.4,Water,None,No,4
Lumineon,457,170,142,170,146,1814,0.2,0.06,24,1.2,Water,None,No,4
Mantyke,458,128,105,179,113,1248,0.1,0.04,65,1,Water,Flying,No,4
Snover,459,155,115,105,134,1159,0.3,0.1,50.5,1,Grass,Ice,No,4
Abomasnow,460,207,178,158,175,2362,0.125,0.06,135.5,2.2,Grass,Ice,No,4
Weavile,461,172,243,171,147,3005,0.15,0.09,34,1.1,Dark,Ice,No,4
Magnezone,462,172,238,205,147,3205,0.125,0.05,180,1.2,Electric,Steel,No,4
Lickilicky,463,242,161,181,203,2467,0.15,0.09,140,1.7,Normal,None,No,4
Rhyperior,464,251,241,190,210,3733,0.05,0.05,282.8,2.4,Ground,Rock,No,4
Tangrowth,465,225,207,184,189,3030,0.15,0.1,128.6,2,Grass,None,No,4
Electivire,466,181,249,163,154,3079,0.15,0.1,138.6,1.8,Electric,None,No,4
Magmortar,467,181,247,172,154,3132,0.15,0.1,68,1.6,Fire,None,No,4
Togekiss,468,198,225,217,168,3332,0.01,0.05,38,1.5,Fairy,Flying,No,4
Yanmega,469,200,231,156,169,2946,0.175,0.05,51.5,1.9,Bug,Flying,No,4
Leafeon,470,163,216,219,140,2944,0.125,0.06,25.5,1,Grass,None,No,4
Glaceon,471,163,238,205,140,3126,0.125,0.06,25.9,0.8,Ice,None,No,4
Gliscor,472,181,185,222,154,2692,0.125,0.09,42.5,2,Ground,Flying,No,4
Mamoswine,473,242,247,146,203,3328,0.05,0.05,291,2.5,Ice,Ground,No,4
Porygon-Z,474,198,264,150,168,3266,0.05,0.05,34,0.9,Normal,None,No,4
Gallade,475,169,237,195,145,3093,0.5,0.05,52,1.6,Psychic,Fighting,No,4
Probopass,476,155,135,275,134,2080,0.1,0.07,340,1.4,Rock,Steel,No,4
Dusknoir,477,128,180,254,113,2388,0.1,0.05,106.6,2.2,Ghost,None,No,4
Froslass,478,172,171,150,147,2040,0.2,0.07,26.6,1.3,Ice,Ghost,No,4
Rotom,479,137,185,159,120,2031,0.3,0.1,0.3,0.3,Electric,Ghost,No,4
Uxie,480,181,156,270,154,2524,0.02,0,0.3,0.3,Psychic,None,Yes,4
Mesprit,481,190,212,212,162,3058,0.02,0,0.3,0.3,Psychic,None,Yes,4
Azelf,482,181,270,151,154,3210,0.02,0,0.3,0.3,Psychic,None,Yes,4
Dialga,483,205,275,211,173,4038,0.02,0.04,683,5.4,Steel,Dragon,Yes,4
Palkia,484,189,280,215,161,3991,0.02,0.04,336,4.2,Water,Dragon,Yes,4
Heatran,485,209,251,213,177,3754,0.02,0.04,430,1.7,Fire,Steel,Yes,4
Regigigas,486,221,287,210,186,4346,0.02,0.04,420,3.7,Normal,None,Yes,4
Giratina,487,284,187,225,236,3379,0.02,0.04,750,4.5,Ghost,Dragon,Yes,4
Cresselia,488,260,152,258,217,2857,0.02,0.04,85.6,1.5,Psychic,None,No,4
Phione,489,190,162,162,162,2105,0.02,0,3.1,0.4,Water,None,No,4
Manaphy,490,225,210,210,189,3265,0.02,0,1.4,0.3,Water,None,No,4
Darkrai,491,172,285,198,147,3739,0.02,0,50.5,1.5,Dark,None,Yes,4
Shaymin,492,225,210,210,189,3265,0.02,0,2.1,0.2,Grass,None,Yes,4
Arceus,493,237,238,238,199,3989,0.02,0,320,3.2,Normal,None,Yes,4
Victini,494,225,210,210,189,3265,1,0.1,4,0.4,Psychic,Fire,Yes,4
Snivy,495,128,88,107,113,849,0.2,0.1,8.1,0.6,Grass,None,No,5
Servine,496,155,122,152,134,1441,0.1,0.1,16,0.8,Grass,None,No,5
Serperior,497,181,161,204,154,2277,0.05,0.05,63,3.3,Grass,None,No,5
Tepig,498,163,115,85,140,1083,0.2,0.1,9.9,0.5,Fire,None,No,5
Pignite,499,207,173,106,175,1924,0.1,0.07,55.5,1,Fire,Fighting,No,5
Emboar,500,242,235,127,203,2982,0.05,0.05,150,1.6,Fire,Fighting,No,5
Oshawott,501,146,117,85,127,1046,0.2,0.1,5.9,0.5,Water,None,No,5
Dewott,502,181,159,116,154,1741,0.1,0.07,24.5,0.8,Water,None,No,5
Samurott,503,216,212,157,182,2826,0.05,0.05,94.6,1.5,Water,None,No,5
Patrat,504,128,98,73,113,791,0.5,0.2,11.6,0.5,Normal,None,No,5
Watchog,505,155,165,139,134,1819,0.2,0.07,27,1.1,Normal,None,No,5
Lillipup,506,128,107,86,113,915,0.5,0.2,4.1,0.4,Normal,None,No,5
Herdier,507,163,145,126,140,1583,0.25,0.09,14.7,0.9,Normal,None,No,5
Stoutland,508,198,206,182,168,2827,0.125,0.05,61,1.2,Normal,None,No,5
Purrloin,509,121,98,73,107,772,0.5,0.2,10.1,0.4,Dark,None,No,5
Liepard,510,162,187,106,139,1846,0.2,0.07,37.5,1.1,Dark,None,No,5
Pansage,511,137,104,94,120,956,0.5,0.2,10.5,0.6,Grass,None,No,5
Simisage,512,181,206,133,154,2350,0.5,0.2,30.5,1.1,Grass,None,No,5
Pansear,513,137,104,94,120,956,0.2,0.07,11,0.6,Fire,None,No,5
Simisear,514,181,206,133,154,2350,0.5,0.2,28,1,Fire,None,No,5
Panpour,515,137,104,94,120,956,0.5,0.2,13.5,0.6,Water,None,No,5
Simipour,516,181,206,133,154,2350,0.2,0.07,29,1,Water,None,No,5
Munna,517,183,111,92,156,1145,0.5,0.2,23.3,0.6,Psychic,None,No,5
Musharna,518,253,183,166,211,2723,0.2,0.07,60.5,1.1,Psychic,None,No,5
Pidove,519,137,98,80,120,848,0.5,0.2,2.1,0.3,Normal,Flying,No,5
Tranquill,520,158,144,107,136,1442,0.25,0.09,15,0.6,Normal,Flying,No,5
Unfezant,521,190,226,146,162,2734,0.125,0.05,29,1.2,Normal,Flying,No,5
Blitzle,522,128,118,64,113,882,0.3,0.1,29.8,0.8,Electric,None,No,5
Zebstrika,523,181,211,136,154,2428,0.1,0.07,79.5,1.6,Electric,None,No,5
Roggenrola,524,146,121,110,127,1205,0.5,0.15,18,0.4,Rock,None,No,5
Boldore,525,172,174,143,147,2029,0.25,0.07,102,0.9,Rock,None,No,5
Gigalith,526,198,226,201,168,3228,0.125,0.05,260,1.7,Rock,None,No,5
Woobat,527,163,107,85,140,1016,0.5,0.2,2.1,0.4,Psychic,Flying,No,5
Swoobat,528,167,161,119,143,1716,0.2,0.07,10.5,0.9,Psychic,Flying,No,5
Drilbur,529,155,154,85,134,1376,0.5,0.2,8.5,0.3,Ground,None,No,5
Excadrill,530,242,255,129,203,3244,0.2,0.07,40.4,0.7,Ground,Steel,No,5
Audino,531,230,114,163,193,1682,0.05,0.05,31,1.1,Normal,None,No,5
Timburr,532,181,134,87,154,1315,0.5,0.15,12.5,0.6,Fighting,None,No,5
Gurdurr,533,198,180,134,168,2169,0.25,0.07,40,1.2,Fighting,None,No,5
Conkeldurr,534,233,243,158,195,3337,0.125,0.05,87,1.4,Fighting,None,No,5
Tympole,535,137,98,78,120,839,0.5,0.15,4.5,0.5,Water,None,No,5
Palpitoad,536,181,128,109,154,1392,0.25,0.07,17,0.8,Water,Ground,No,5
Seismitoad,537,233,188,150,195,2564,0.125,0.05,62,1.5,Water,Ground,No,5
Throh,538,260,172,160,217,2562,0.2,0.07,55.5,1.3,Fighting,None,No,5
Sawk,539,181,231,153,154,2788,0.2,0.07,51,1.4,Fighting,None,No,5
Sewaddle,540,128,96,124,113,977,0.5,0.15,2.5,0.3,Bug,Grass,No,5
Swadloon,541,146,115,162,127,1370,0.25,0.07,7.3,0.5,Bug,Grass,No,5
Leavanny,542,181,205,165,154,2580,0.125,0.05,20.5,1.2,Bug,Grass,No,5
Venipede,543,102,83,99,92,706,0.3,0.1,5.3,0.4,Bug,Poison,No,5
Whirlipede,544,120,100,173,106,1144,0.15,0.05,58.5,1.2,Bug,Poison,No,5
Scolipede,545,155,203,175,134,2447,0.2,0.07,200.5,2.5,Bug,Poison,No,5
Cottonee,546,120,71,111,106,700,0.3,0.1,0.6,0.3,Grass,Fairy,No,5
Whimsicott,547,155,164,176,134,2014,0.15,0.05,6.6,0.7,Grass,Fairy,No,5
Petilil,548,128,119,91,113,1030,0.3,0.1,6.6,0.5,Grass,None,No,5
Lilligant,549,172,214,155,147,2550,0.15,0.05,16.3,1.1,Grass,None,No,5
Basculin,550,172,189,129,147,2090,0.2,0.07,18,1,Water,None,No,5
Sandile,551,137,132,69,120,1037,0.5,0.15,15.2,0.7,Ground,Dark,No,5
Krokorok,552,155,155,90,134,1418,0.25,0.07,33.4,1,Ground,Dark,No,5
Krookodile,553,216,229,158,182,3046,0.125,0.05,96.3,1.5,Ground,Dark,No,5
Darumaka,554,172,153,86,147,1442,0.3,0.09,37.5,0.6,Fire,None,No,5
Darmanitan,555,233,263,114,195,3105,0.1,0.07,92.9,1.3,Fire,None,No,5
Maractus,556,181,201,130,154,2274,0.2,0.07,28,1,Grass,None,No,5
Dwebble,557,137,118,128,120,1224,0.3,0.1,14.5,0.3,Bug,Rock,No,5
Crustle,558,172,188,200,147,2542,0.1,0.07,200,1.4,Bug,Rock,No,5
Scraggy,559,137,132,132,120,1372,0.3,0.09,11.8,0.6,Dark,Fighting,No,5
Scrafty,560,163,163,222,140,2283,0.1,0.07,30,1.1,Dark,Fighting,No,5
Sigilyph,561,176,204,167,150,2550,0.2,0.07,14,1.4,Psychic,Flying,No,5
Yamask,562,116,95,141,103,982,0.3,0.1,1.5,0.5,Ghost,None,No,5
Cofagrigus,563,151,163,237,131,2273,0.1,0.07,76.5,1.7,Ghost,None,No,5
Tirtouga,564,144,134,146,125,1488,0.3,0.1,16.5,0.7,Water,Rock,No,5
Carracosta,565,179,192,197,153,2621,0.1,0.07,81,1.2,Water,Rock,No,5
Archen,566,146,213,89,127,1842,0.3,0.09,9.5,0.5,Rock,Flying,No,5
Archeops,567,181,292,139,154,3331,0.1,0.07,32,1.4,Rock,Flying,No,5
Trubbish,568,137,96,122,120,1000,0.3,0.09,31,0.6,Poison,None,No,5
Garbodor,569,190,181,164,162,2345,0.1,0.07,107.3,1.9,Poison,None,No,5
Zorua,570,120,153,78,106,1175,0.3,0.09,12.5,0.7,Dark,None,No,5
Zoroark,571,155,250,127,134,2571,0.1,0.07,81.1,1.6,Dark,None,No,5
Minccino,572,146,98,80,127,872,0.3,0.1,5.8,0.4,Normal,None,No,5
Cinccino,573,181,198,130,154,2242,0.1,0.07,7.5,0.5,Normal,None,No,5
Gothita,574,128,98,112,113,951,0.5,0.15,5.8,0.4,Psychic,None,No,5
Gothorita,575,155,137,153,134,1604,0.25,0.07,18,0.7,Psychic,None,No,5
Gothitelle,576,172,176,205,147,2419,0.125,0.05,44,1.5,Psychic,None,No,5
Solosis,577,128,170,83,113,1367,0.5,0.15,1,0.3,Psychic,None,No,5
Duosion,578,163,208,103,140,2018,0.25,0.07,8,0.6,Psychic,None,No,5
Reuniclus,579,242,214,148,203,2927,0.125,0.05,20.1,1,Psychic,None,No,5
Ducklett,580,158,84,96,136,856,0.5,0.15,5.5,0.5,Water,Flying,No,5
Swanna,581,181,182,132,154,2088,0.4,0.12,24.2,1.3,Water,Flying,No,5
Vanillite,582,113,118,106,101,1033,0.1,0.07,5.7,0.4,Ice,None,No,5
Vanillish,583,139,151,138,121,1591,0.05,0.05,41,1.1,Ice,None,No,5
Vanilluxe,584,174,218,184,149,2822,0.125,0.05,57.5,1.3,Ice,None,No,5
Deerling,585,155,115,100,134,1135,0.3,0.1,19.5,0.6,Normal,Grass,No,5
Sawsbuck,586,190,198,146,162,2416,0.15,0.05,92.5,1.9,Normal,Grass,No,5
Emolga,587,146,158,127,127,1633,0.2,0.07,5,0.4,Electric,Flying,No,5
Karrablast,588,137,137,87,120,1182,0.3,0.1,5.9,0.5,Bug,None,No,5
Escavalier,589,172,223,187,147,2889,0.125,0.05,33,1,Bug,Steel,No,5
Foongus,590,170,97,91,146,979,0.3,0.1,1,0.2,Grass,Poison,No,5
Amoonguss,591,249,155,139,208,2140,0.125,0.05,10.5,0.6,Grass,Poison,No,5
Frillish,592,146,115,134,127,1257,0.3,0.09,33,1.2,Water,Ghost,No,5
Jellicent,593,225,159,178,189,2338,0.125,0.05,135,2.2,Water,Ghost,No,5
Alomomola,594,338,138,131,278,2169,0.2,0.07,31.6,1.2,Water,None,No,5
Joltik,595,137,110,98,120,1023,0.3,0.1,0.6,0.1,Bug,Electric,No,5
Galvantula,596,172,201,128,147,2206,0.125,0.05,14.3,0.8,Bug,Electric,No,5
Ferroseed,597,127,82,155,112,941,0.3,0.09,18.8,0.6,Grass,Steel,No,5
Ferrothorn,598,179,158,223,153,2321,0.125,0.05,110,1,Grass,Steel,No,5
Klink,599,120,98,121,106,956,0.4,0.1,21,0.3,Steel,None,No,5
Klang,600,155,150,174,134,1847,0.1,0.07,51,0.6,Steel,None,No,5
Klinklang,601,155,199,214,134,2637,0.05,0.05,81,0.6,Steel,None,No,5
Tynamo,602,111,105,78,99,811,0.4,0.15,0.3,0.2,Electric,None,No,5
Eelektrik,603,163,156,130,140,1715,0.1,0.07,22,1.2,Electric,None,No,5
Eelektross,604,198,217,152,168,2732,0.05,0.05,80.5,2.1,Electric,None,No,5
Elgyem,605,146,148,100,127,1385,0.3,0.1,9,0.5,Psychic,None,No,5
Beheeyem,606,181,221,163,154,2753,0.15,0.05,34.5,1,Psychic,None,No,5
Litwick,607,137,108,98,120,1006,0.4,0.09,3.1,0.3,Ghost,Fire,No,5
Lampent,608,155,169,115,134,1708,0.1,0.07,13,0.6,Ghost,Fire,No,5
Chandelure,609,155,271,182,134,3268,0.05,0.05,34.3,1,Ghost,Fire,No,5
Axew,610,130,154,101,114,1368,0.4,0.09,18,0.6,Dragon,None,No,5
Fraxure,611,165,212,123,142,2234,0.1,0.07,36,1,Dragon,None,No,5
Haxorus,612,183,284,172,156,3593,0.05,0.05,105.5,1.8,Dragon,None,No,5
Cubchoo,613,146,128,74,127,1069,0.3,0.1,8.5,0.5,Ice,None,No,5
Beartic,614,216,233,152,182,3042,0.15,0.05,260,2.6,Ice,None,No,5
Cryogonal,615,190,190,218,162,2798,0.2,0.07,148,1.1,Ice,None,No,5
Shelmet,616,137,72,140,120,834,0.3,0.1,7.7,0.4,Bug,None,No,5
Accelgor,617,190,220,120,162,2441,0.15,0.05,25.3,0.8,Bug,None,No,5
Stunfisk,618,240,144,171,201,2162,0.2,0.07,11,0.7,Ground,Electric,No,5
Mienfoo,619,128,160,98,113,1389,0.3,0.1,20,0.9,Fighting,None,No,5
Mienshao,620,163,258,127,140,2710,0.15,0.05,35.5,1.4,Fighting,None,No,5
Druddigon,621,184,213,170,157,2732,0.2,0.07,139,1.6,Dragon,None,No,5
Golett,622,153,127,92,132,1189,0.3,0.1,92,1,Ground,Ghost,No,5
Golurk,623,205,222,154,173,2854,0.15,0.05,330,2.8,Ground,Ghost,No,5
Pawniard,624,128,154,114,113,1433,0.3,0.09,10.2,0.5,Dark,Steel,No,5
Bisharp,625,163,232,176,140,2844,0.15,0.05,70,1.6,Dark,Steel,No,5
Bouffalant,626,216,195,182,182,2797,0.2,0.07,94.6,1.6,Normal,None,No,5
Rufflet,627,172,150,97,147,1491,0.3,0.1,10.5,0.5,Normal,Flying,No,5
Braviary,628,225,232,152,189,3088,0.15,0.05,41,1.5,Normal,Flying,No,5
Vullaby,629,172,105,139,147,1271,0.3,0.1,9,0.5,Dark,Flying,No,5
Mandibuzz,630,242,129,205,203,2138,0.15,0.05,39.5,1.2,Dark,Flying,No,5
Heatmor,631,198,204,129,168,2395,0.2,0.07,58,1.4,Fire,None,No,5
Durant,632,151,217,188,131,2659,0.2,0.07,33,0.3,Bug,Steel,No,5
Deino,633,141,116,93,123,1062,0.4,0.09,17.3,0.8,Dark,Dragon,No,5
Zweilous,634,176,159,135,150,1839,0.1,0.07,50,1.4,Dark,Dragon,No,5
Hydreigon,635,211,256,188,178,3625,0.05,0.05,160,1.8,Dark,Dragon,No,5
Larvesta,636,146,156,107,127,1496,0.7,0.15,28.8,1.1,Bug,Fire,No,5
Volcarona,637,198,264,189,168,3632,0.1,0.07,46,1.6,Bug,Fire,No,5
Cobalion,638,209,192,229,177,3022,0.02,0.01,250,2.1,Steel,Fighting,Yes,5
Terrakion,639,209,260,192,177,3698,0.02,0.01,260,1.9,Rock,Fighting,Yes,5
Virizion,640,209,192,229,177,3022,0.02,0.01,200,2,Grass,Fighting,Yes,5
Tornadus,641,188,266,164,160,3345,0.02,0.01,63,1.5,Flying,None,Yes,5
Thundurus,642,188,266,164,160,3345,0.02,0.01,61,1.5,Electric,Flying,Yes,5
Reshiram,643,205,275,211,173,4038,0.02,0.01,330,3.2,Dragon,Fire,Yes,5
Zekrom,644,205,275,211,173,4038,0.02,0.01,345,2.9,Dragon,Electric,Yes,5
Landorus,645,205,261,182,173,3588,0.02,0.01,68,1.5,Ground,Flying,Yes,5
Kyurem,646,245,246,170,205,3575,0.02,0.01,325,3,Dragon,Ice,Yes,5
Keldeo,647,209,260,192,177,3698,0.02,0.01,48.5,1.4,Water,Fighting,No,5
Meloetta,648,225,250,225,189,3972,0.02,0.01,6.5,0.6,Normal,Psychic,No,5
Genesect,649,174,252,199,149,3353,0.02,0.01,82.5,1.5,Bug,Steel,No,5
